Model,Params,MSE,MAE,R2
Decision Tree,"{'max_depth': 7, 'min_samples_split': 5}",2.364141509112977e+16,104207387.22310464,0.6581205978613747
Decision Tree,"{'max_depth': 7, 'min_samples_split': 2}",2.3783012182745004e+16,104234221.32239172,0.656083852490214
Decision Tree,"{'max_depth': 5, 'min_samples_split': 5}",2.499802678193732e+16,108956477.26430805,0.6385365323845758
Decision Tree,"{'max_depth': 5, 'min_samples_split': 2}",2.5025901177700584e+16,108984660.46930721,0.6381365181549088
Polynomial Regression,{'degree': 2},2.859913470163055e+16,124064717.57386927,0.5865351598223218
Decision Tree,"{'max_depth': 3, 'min_samples_split': 2}",2.958815627571212e+16,120203625.0622396,0.57231375667239
Decision Tree,"{'max_depth': 3, 'min_samples_split': 5}",2.958815627571212e+16,120203625.0622396,0.5723137566723899
Linear Regression,{},3.422757239453663e+16,133580116.68667991,0.5051843218039591
Polynomial Regression,{'degree': 3},2.252548123214345e+17,133965691.50151093,-2.1587559524855933
